"SADDR","SID","SERIAL#","AUDSID","PADDR","USER#","USERNAME","COMMAND","OWNERID","TADDR","LOCKWAIT","STATUS","SERVER","SCHEMA#","SCHEMANAME","OSUSER","PROCESS","MACHINE","PORT","TERMINAL","PROGRAM","TYPE","SQL_ADDRESS","SQL_HASH_VALUE","SQL_ID","SQL_CHILD_NUMBER","SQL_EXEC_START","SQL_EXEC_ID","PREV_SQL_ADDR","PREV_HASH_VALUE","PREV_SQL_ID","PREV_CHILD_NUMBER","PREV_EXEC_START","PREV_EXEC_ID","PLSQL_ENTRY_OBJECT_ID","PLSQL_ENTRY_SUBPROGRAM_ID","PLSQL_OBJECT_ID","PLSQL_SUBPROGRAM_ID","MODULE","MODULE_HASH","ACTION","ACTION_HASH","CLIENT_INFO","FIXED_TABLE_SEQUENCE","ROW_WAIT_OBJ#","ROW_WAIT_FILE#","ROW_WAIT_BLOCK#","ROW_WAIT_ROW#","TOP_LEVEL_CALL#","LOGON_TIME","LAST_CALL_ET","PDML_ENABLED","FAILOVER_TYPE","FAILOVER_METHOD","FAILED_OVER","RESOURCE_CONSUMER_GROUP","PDML_STATUS","PDDL_STATUS","PQ_STATUS","CURRENT_QUEUE_DURATION","CLIENT_IDENTIFIER","BLOCKING_SESSION_STATUS","BLOCKING_INSTANCE","BLOCKING_SESSION","FINAL_BLOCKING_SESSION_STATUS","FINAL_BLOCKING_INSTANCE","FINAL_BLOCKING_SESSION","SEQ#","EVENT#","EVENT","P1TEXT","P1","P1RAW","P2TEXT","P2","P2RAW","P3TEXT","P3","P3RAW","WAIT_CLASS_ID","WAIT_CLASS#","WAIT_CLASS","WAIT_TIME","SECONDS_IN_WAIT","STATE","WAIT_TIME_MICRO","TIME_REMAINING_MICRO","TIME_SINCE_LAST_WAIT_MICRO","SERVICE_NAME","SQL_TRACE","SQL_TRACE_WAITS","SQL_TRACE_BINDS","SQL_TRACE_PLAN_STATS","SESSION_EDITION_ID","CREATOR_ADDR","CREATOR_SERIAL#","ECID"
000000008AA92D98,1,1,0,000000008A879BB0,0,"",0,2147483644,"","","ACTIVE","DEDICATED",0,"SYS","oracle","50593","tatuuin",0,"UNKNOWN","oracle@tatuuin (PMON)","BACKGROUND",00,0,"",0,,,00,0,"",0,,,,,,,"",0,"",0,"",0,-1,0,0,0,0,27-MAR-17,605334,"NO","NONE","NONE","NO","","DISABLED","DISABLED","DISABLED",0,"","NO HOLDER",,,"NO HOLDER",,,1765,1,"pmon timer","duration",300,000000000000012C,"",0,00,"",0,00,2723168908,6,"Idle",0,2,"WAITING",2149006,850994,0,"SYS$BACKGROUND","DISABLED","FALSE","FALSE","FIRST EXEC",0,000000008A879BB0,1,""
000000008AA8FF28,2,1,0,000000008A87BC30,0,"",0,2147483644,"","","ACTIVE","DEDICATED",0,"SYS","oracle","50599","tatuuin",0,"UNKNOWN","oracle@tatuuin (GEN0)","BACKGROUND",00,0,"",0,,,00,0,"",0,,,,,,,"",0,"",0,"",0,-1,0,0,0,0,27-MAR-17,605334,"NO","NONE","NONE","NO","","DISABLED","DISABLED","DISABLED",0,"","NO HOLDER",,,"NO HOLDER",,,1654,7,"rdbms ipc message","timeout",300,000000000000012C,"",0,00,"",0,00,2723168908,6,"Idle",0,1,"WAITING",1416296,1583704,0,"SYS$BACKGROUND","DISABLED","FALSE","FALSE","FIRST EXEC",0,000000008A87BC30,1,""
000000008AA8D0B8,3,1,0,000000008A87DCB0,0,"",0,2147483644,"","","ACTIVE","DEDICATED",0,"SYS","oracle","50603","tatuuin",0,"UNKNOWN","oracle@tatuuin (DBRM)","BACKGROUND",00,0,"",0,,,00,0,"",0,,,,,,,"",0,"",0,"",0,-1,0,0,0,0,27-MAR-17,605334,"NO","NONE","NONE","NO","","DISABLED","DISABLED","DISABLED",0,"","NO HOLDER",,,"NO HOLDER",,,1664,7,"rdbms ipc message","timeout",300,000000000000012C,"",0,00,"",0,00,2723168908,6,"Idle",0,1,"WAITING",1444344,1555656,0,"SYS$BACKGROUND","DISABLED","FALSE","FALSE","FIRST EXEC",0,000000008A87DCB0,1,""
000000008AA8A248,4,1,0,000000008A87FD30,0,"",0,2147483644,"","","ACTIVE","DEDICATED",0,"SYS","oracle","50607","tatuuin",0,"UNKNOWN","oracle@tatuuin (DIA0)","BACKGROUND",00,0,"",0,,,00,0,"",0,,,,,,,"",0,"",0,"",0,-1,0,0,0,0,27-MAR-17,605334,"NO","NONE","NONE","NO","","DISABLED","DISABLED","DISABLED",0,"","NO HOLDER",,,"NO HOLDER",,,4948,72,"DIAG idle wait","component",5,0000000000000005,"where",1,0000000000000001,"wait time(millisec)",1000,00000000000003E8,2723168908,6,"Idle",0,0,"WAITING",379077,620923,0,"SYS$BACKGROUND","DISABLED","FALSE","FALSE","FIRST EXEC",0,000000008A87FD30,1,""
000000008AA873D8,5,1,0,000000008A881DB0,0,"",0,2147483644,"","","ACTIVE","DEDICATED",0,"SYS","oracle","50611","tatuuin",0,"UNKNOWN","oracle@tatuuin (DBW0)","BACKGROUND",00,0,"",0,,,00,0,"",0,,,,,,,"",0,"",0,"",0,-1,0,0,0,0,27-MAR-17,605334,"NO","NONE","NONE","NO","","DISABLED","DISABLED","DISABLED",0,"","NO HOLDER",,,"NO HOLDER",,,2793,7,"rdbms ipc message","timeout",300,000000000000012C,"",0,00,"",0,00,2723168908,6,"Idle",0,1,"WAITING",1330647,1669353,0,"SYS$BACKGROUND","DISABLED","FALSE","FALSE","FIRST EXEC",0,000000008A881DB0,1,""
000000008AA84568,6,1,0,000000008A883E30,0,"",0,2147483644,"","","ACTIVE","DEDICATED",0,"SYS","oracle","50615","tatuuin",0,"UNKNOWN","oracle@tatuuin (CKPT)","BACKGROUND",00,0,"",0,,,00,0,"",0,,,,,,,"",0,"",0,"",0,-1,0,0,0,0,27-MAR-17,605334,"NO","NONE","NONE","NO","","DISABLED","DISABLED","DISABLED",0,"","NO HOLDER",,,"NO HOLDER",,,7653,7,"rdbms ipc message","timeout",300,000000000000012C,"",0,00,"",0,00,2723168908,6,"Idle",0,1,"WAITING",939573,2060427,0,"SYS$BACKGROUND","DISABLED","FALSE","FALSE","FIRST EXEC",0,000000008A883E30,1,""
000000008AA816F8,7,1,0,000000008A885EB0,0,"",0,2147483644,"","","ACTIVE","DEDICATED",0,"SYS","oracle","50619","tatuuin",0,"UNKNOWN","oracle@tatuuin (RECO)","BACKGROUND",00,0,"",0,,,00,0,"",0,,,,,,,"",0,"",0,"",0,-1,0,0,0,0,27-MAR-17,605334,"NO","NONE","NONE","NO","","DISABLED","DISABLED","DISABLED",0,"","NO HOLDER",,,"NO HOLDER",,,10,7,"rdbms ipc message","timeout",180000,000000000002BF20,"",0,00,"",0,00,2723168908,6,"Idle",0,1290,"WAITING",1289963648,510036352,0,"SYS$BACKGROUND","DISABLED","FALSE","FALSE","FIRST EXEC",0,000000008A885EB0,1,""
000000008AA7E888,8,1,0,000000008A887F30,0,"",0,2147483644,"","","ACTIVE","DEDICATED",0,"SYS","oracle","50623","tatuuin",0,"UNKNOWN","oracle@tatuuin (MMNL)","BACKGROUND",00,0,"",0,,,00,0,"",0,,,,,,,"",0,"",0,"",0,-1,0,0,0,0,27-MAR-17,605334,"NO","NONE","NONE","NO","","DISABLED","DISABLED","DISABLED",0,"","NO HOLDER",,,"NO HOLDER",,,4951,7,"rdbms ipc message","timeout",100,0000000000000064,"",0,00,"",0,00,2723168908,6,"Idle",0,1,"WAITING",569452,430548,0,"SYS$BACKGROUND","DISABLED","FALSE","FALSE","FIRST EXEC",0,000000008A887F30,1,""
000000008AA78BA8,10,2,0,000000008A88E0B0,0,"",0,2147483644,"","","ACTIVE","DEDICATED",0,"SYS","oracle","50705","tatuuin",0,"UNKNOWN","oracle@tatuuin (QMNC)","BACKGROUND",00,0,"",0,,,00,0,"",0,,,,,,,"STREAMS",1704011781,"QMON Coordinator",82757951,"",4,-1,0,0,0,0,27-MAR-17,605329,"NO","NONE","NONE","NO","","DISABLED","DISABLED","DISABLED",0,"","NO HOLDER",,,"NO HOLDER",,,360,370,"Streams AQ: qmn coordinator idle wait","",0,00,"",0,00,"",0,00,2723168908,6,"Idle",0,8,"WAITING",8380075,19619925,0,"SYS$BACKGROUND","DISABLED","FALSE","FALSE","FIRST EXEC",0,000000008A88E0B0,1,""
000000008AA6D1E8,14,5,0,000000008A8921B0,0,"",0,2147483644,"","","ACTIVE","DEDICATED",0,"SYS","oracle","50734","tatuuin",0,"UNKNOWN","oracle@tatuuin (Q000)","BACKGROUND",00,0,"",,,,0000000084D1AC10,3233553777,"f3djt4g0bs7bj",0,27-MAR-17,16777216,,,,,"STREAMS",1704011781,"QMON Slave",1721432626,"",3775,5609,1,11353,0,59,27-MAR-17,605319,"NO","NONE","NONE","NO","","DISABLED","ENABLED","ENABLED",0,"","NO HOLDER",,,"NO HOLDER",,,258,371,"Streams AQ: qmn slave idle wait","Type",1,0000000000000001,"",0,00,"",0,00,2723168908,6,"Idle",0,8,"WAITING",8380176,51619824,0,"SYS$BACKGROUND","DISABLED","FALSE","FALSE","FIRST EXEC",0,000000008A8921B0,2,""
000000008AA67508,16,1,170066,000000008A894230,30,"DBSNMP",3,2147483644,"","","INACTIVE","DEDICATED",30,"DBSNMP","oracle","26906","tatuuin",18577,"","emagent@tatuuin (TNS V1-V3)","USER",00000000837C4E40,2667277860,"cn58bhkggqvj4",0,,,00000000837C4E40,2667277860,"cn58bhkggqvj4",0,03-APR-17,16777216,,,,,"emagent_SQL_oracle_database",1131189607,"db_tablespaces",3674602826,"",6035,1,201,2,0,94,27-MAR-17,4450,"NO","NONE","NONE","NO","","DISABLED","ENABLED","ENABLED",0,"","NO HOLDER",,,"NO HOLDER",,,1902,345,"SQL*Net message from client","driver id",1413697536,0000000054435000,"#bytes",1,0000000000000001,"",0,00,2723168908,6,"Idle",0,4450,"WAITING",4450057439,-1,0,"SYS$USERS","DISABLED","FALSE","FALSE","FIRST EXEC",100,000000008A894230,1,""
000000008AA61828,18,31,170077,000000008A8962B0,30,"DBSNMP",0,2147483644,"","","INACTIVE","DEDICATED",30,"DBSNMP","oracle","26906","tatuuin",18647,"","emagent@tatuuin (TNS V1-V3)","USER",00,0,"",,,,000000008AD93AF0,1133510698,"gwj1f651t001a",0,03-APR-17,16777218,,,,,"emagent_SQL_oracle_database",1131189607,"incident_meter",2282512683,"",5911,1,201,2,0,94,27-MAR-17,4451,"NO","NONE","NONE","NO","","DISABLED","ENABLED","ENABLED",0,"","NO HOLDER",,,"NO HOLDER",,,566,345,"SQL*Net message from client","driver id",1413697536,0000000054435000,"#bytes",1,0000000000000001,"",0,00,2723168908,6,"Idle",0,4452,"WAITING",4451532042,-1,0,"SYS$USERS","DISABLED","FALSE","FALSE","FIRST EXEC",100,000000008A8962B0,5,""
000000008AA5E9B8,19,150,0,000000008A89A3B0,0,"",0,2147483644,"","","ACTIVE","DEDICATED",0,"SYS","oracle","59191","tatuuin",0,"UNKNOWN","oracle@tatuuin (J001)","USER",00,0,"",0,,,00,0,"",0,,,,,,,"",0,"",0,"",13142,-1,0,0,0,59,03-APR-17,14,"NO","NONE","NONE","NO","","DISABLED","ENABLED","ENABLED",0,"","NO HOLDER",,,"NO HOLDER",,,30,305,"jobq slave wait","",0,00,"",0,00,"",0,00,2723168908,6,"Idle",0,0,"WAITING",303290,196710,0,"SYS$USERS","DISABLED","FALSE","FALSE","FIRST EXEC",0,000000008A89A3B0,56,""
000000008AA5BB48,20,7,170096,000000008A898330,30,"DBSNMP",0,2147483644,"","","INACTIVE","DEDICATED",30,"DBSNMP","oracle","26906","tatuuin",18826,"","emagent@tatuuin (TNS V1-V3)","USER",00,0,"",,,,000000008AE1A138,1703741681,"ab7ktcdksu27j",0,03-APR-17,16777216,,,,,"emagent_SQL_oracle_database",1131189607,"db_recSegmentSettings_sysseg",1832522787,"",6237,4,1,21465,0,5,03-APR-17,4440,"NO","NONE","NONE","NO","","DISABLED","ENABLED","ENABLED",0,"","NO HOLDER",,,"NO HOLDER",,,180,345,"SQL*Net message from client","driver id",1413697536,0000000054435000,"#bytes",1,0000000000000001,"",0,00,2723168908,6,"Idle",0,4440,"WAITING",4439832046,-1,0,"SYS$USERS","DISABLED","FALSE","FALSE","FIRST EXEC",100,000000008A898330,5,""
000000008AA58CD8,21,5,170088,000000008A88C030,30,"DBSNMP",0,2147483644,"","","INACTIVE","DEDICATED",30,"DBSNMP","oracle","26906","tatuuin",18740,"","emagent@tatuuin (TNS V1-V3)","USER",00,0,"",,,,000000008AE23F10,2312790245,"7wt7phk4xns75",0,03-APR-17,16777217,,,,,"emagent_SQL_oracle_database",1131189607,"streams_processes_status",4093628591,"",6135,5702,2,2610,0,94,27-MAR-17,4446,"NO","NONE","NONE","NO","","DISABLED","ENABLED","ENABLED",0,"","NO HOLDER",,,"NO HOLDER",,,332,345,"SQL*Net message from client","driver id",1413697536,0000000054435000,"#bytes",1,0000000000000001,"",0,00,2723168908,6,"Idle",0,4447,"WAITING",4446654922,-1,0,"SYS$USERS","DISABLED","FALSE","FALSE","FIRST EXEC",100,000000008A88C030,4,""
000000008AA4A4A8,26,219,4294967295,000000008A890130,0,"SYS",3,2147483644,"00000000893301C8","","ACTIVE","DEDICATED",0,"SYS","oracle","58889","tatuuin",20964,"unknown","SQL Developer","USER",0000000083590DA8,4075969482,"c7t6usrtg4qya",0,03-APR-17,16777216,0000000084FC0430,352004899,"0nhqpwcagqat3",0,03-APR-17,16777218,,,,,"SQL Developer",1012150930,"",0,"",13194,-1,0,0,0,94,03-APR-17,0,"NO","NONE","NONE","NO","","DISABLED","ENABLED","ENABLED",0,"","NOT IN WAIT",,,"NOT IN WAIT",,,185,341,"SQL*Net message to client","driver id",1413697536,0000000054435000,"#bytes",1,0000000000000001,"",0,00,2000153315,7,"Network",-1,0,"WAITED SHORT TIME",3,,18034,"SYS$USERS","DISABLED","FALSE","FALSE","FIRST EXEC",100,000000008A890130,117,""
000000008ABFABD8,125,57,170220,000000008A88AFF0,85,"USER1",3,2147483644,"","","INACTIVE","DEDICATED",85,"USER1","oracle","54280","tatuuin",0,"pts/1","sqlplus@tatuuin (TNS V1-V3)","USER",0000000083759C80,665675061,"ckyh1gcmuut9p",0,,,0000000084FBA160,3933222116,"dyk4dprp70d74",0,03-APR-17,16777216,,,,,"SQL*Plus",3669949024,"",0,"",10536,-1,0,0,0,94,03-APR-17,2028,"NO","NONE","NONE","NO","","DISABLED","ENABLED","ENABLED",0,"","NO HOLDER",,,"NO HOLDER",,,64,345,"SQL*Net message from client","driver id",1650815232,0000000062657100,"#bytes",1,0000000000000001,"",0,00,2723168908,6,"Idle",0,2028,"WAITING",2028311884,-1,0,"SYS$USERS","DISABLED","FALSE","FALSE","FIRST EXEC",100,000000008A88AFF0,12,""
000000008ABF7D68,126,1,0,000000008A87ABF0,0,"",0,2147483644,"","","ACTIVE","DEDICATED",0,"SYS","oracle","50595","tatuuin",0,"UNKNOWN","oracle@tatuuin (VKTM)","BACKGROUND",00,0,"",0,,,00,0,"",0,,,,,,,"",0,"",0,"",0,-1,0,0,0,0,27-MAR-17,605334,"NO","NONE","NONE","NO","","DISABLED","DISABLED","DISABLED",0,"","NO HOLDER",,,"NO HOLDER",,,1,3,"VKTM Logical Idle Wait","",0,00,"",0,00,"",0,00,2723168908,6,"Idle",0,605335,"WAITING",605335050535,-1,0,"SYS$BACKGROUND","DISABLED","FALSE","FALSE","FIRST EXEC",0,000000008A87ABF0,1,""
000000008ABF4EF8,127,1,0,000000008A87CC70,0,"",0,2147483644,"","","ACTIVE","DEDICATED",0,"SYS","oracle","50601","tatuuin",0,"UNKNOWN","oracle@tatuuin (DIAG)","BACKGROUND",00,0,"",0,,,00,0,"",0,,,,,,,"",0,"",0,"",0,-1,0,0,0,0,27-MAR-17,605334,"NO","NONE","NONE","NO","","DISABLED","DISABLED","DISABLED",0,"","NO HOLDER",,,"NO HOLDER",,,4949,72,"DIAG idle wait","component",5,0000000000000005,"where",1,0000000000000001,"wait time(millisec)",1000,00000000000003E8,2723168908,6,"Idle",0,1,"WAITING",611855,388145,0,"SYS$BACKGROUND","DISABLED","FALSE","FALSE","FIRST EXEC",0,000000008A87CC70,1,""
000000008ABF2088,128,1,0,000000008A87ECF0,0,"",0,2147483644,"","","ACTIVE","DEDICATED",0,"SYS","oracle","50605","tatuuin",0,"UNKNOWN","oracle@tatuuin (PSP0)","BACKGROUND",00,0,"",0,,,00,0,"",0,,,,,,,"",0,"",0,"",0,-1,0,0,0,0,27-MAR-17,605334,"NO","NONE","NONE","NO","","DISABLED","DISABLED","DISABLED",0,"","NO HOLDER",,,"NO HOLDER",,,1874,7,"rdbms ipc message","timeout",300,000000000000012C,"",0,00,"",0,00,2723168908,6,"Idle",0,1,"WAITING",1332153,1667847,0,"SYS$BACKGROUND","DISABLED","FALSE","FALSE","FIRST EXEC",0,000000008A87ECF0,1,""
000000008ABEF218,129,1,0,000000008A880D70,0,"",0,2147483644,"","","ACTIVE","DEDICATED",0,"SYS","oracle","50609","tatuuin",0,"UNKNOWN","oracle@tatuuin (MMAN)","BACKGROUND",00,0,"",0,,,00,0,"",0,,,,,,,"",0,"",0,"",0,-1,0,0,0,0,27-MAR-17,605334,"NO","NONE","NONE","NO","","DISABLED","DISABLED","DISABLED",0,"","NO HOLDER",,,"NO HOLDER",,,1679,7,"rdbms ipc message","timeout",300,000000000000012C,"",0,00,"",0,00,2723168908,6,"Idle",0,1,"WAITING",1417967,1582033,0,"SYS$BACKGROUND","DISABLED","FALSE","FALSE","FIRST EXEC",0,000000008A880D70,1,""
000000008ABEC3A8,130,1,0,000000008A882DF0,0,"",0,2147483644,"","","ACTIVE","DEDICATED",0,"SYS","oracle","50613","tatuuin",0,"UNKNOWN","oracle@tatuuin (LGWR)","BACKGROUND",00,0,"",0,,,00,0,"",0,,,,,,,"",0,"",0,"",0,-1,0,0,0,0,27-MAR-17,605334,"NO","NONE","NONE","NO","","DISABLED","DISABLED","DISABLED",0,"","NO HOLDER",,,"NO HOLDER",,,6009,7,"rdbms ipc message","timeout",300,000000000000012C,"",0,00,"",0,00,2723168908,6,"Idle",0,1,"WAITING",1388771,1611229,0,"SYS$BACKGROUND","DISABLED","FALSE","FALSE","FIRST EXEC",0,000000008A882DF0,1,""
000000008ABE9538,131,1,0,000000008A884E70,0,"",0,2147483644,"","","ACTIVE","DEDICATED",0,"SYS","oracle","50617","tatuuin",0,"UNKNOWN","oracle@tatuuin (SMON)","BACKGROUND",00,0,"",0,,,00,0,"",0,,,,,,,"",0,"",0,"",0,1206,1,7312,0,59,27-MAR-17,605334,"NO","NONE","NONE","NO","","DISABLED","DISABLED","DISABLED",0,"","NO HOLDER",,,"NO HOLDER",,,228,253,"smon timer","sleep time",300,000000000000012C,"failed",0,00,"",0,00,2723168908,6,"Idle",0,196,"WAITING",195839135,104160865,0,"SYS$BACKGROUND","DISABLED","FALSE","FALSE","FIRST EXEC",0,000000008A884E70,1,""
000000008ABE66C8,132,1,0,000000008A886EF0,0,"",0,2147483644,"","","ACTIVE","DEDICATED",0,"SYS","oracle","50621","tatuuin",0,"UNKNOWN","oracle@tatuuin (MMON)","BACKGROUND",00,0,"",,,,0000000084F76D50,3555512810,"6mqvntr9ytnga",0,27-MAR-17,16777216,,,,,"",0,"",0,"",45,287,1,2008,0,59,27-MAR-17,605334,"NO","NONE","NONE","NO","","DISABLED","ENABLED","ENABLED",0,"","NO HOLDER",,,"NO HOLDER",,,2036,7,"rdbms ipc message","timeout",300,000000000000012C,"",0,00,"",0,00,2723168908,6,"Idle",0,1,"WAITING",1110806,1889194,0,"SYS$BACKGROUND","DISABLED","FALSE","FALSE","FIRST EXEC",100,000000008A886EF0,1,""
000000008ABDDB78,135,215,0,000000008A88D070,0,"",0,2147483644,"","","ACTIVE","DEDICATED",0,"SYS","oracle","56298","tatuuin",0,"UNKNOWN","oracle@tatuuin (W000)","BACKGROUND",00,0,"",0,,,00,0,"",0,,,,,,,"KTSJ",4150380559,"KTSJ Slave",796006397,"",12639,-1,0,0,0,59,03-APR-17,255,"NO","NONE","NONE","NO","","DISABLED","ENABLED","ENABLED",0,"","NO HOLDER",,,"NO HOLDER",,,53,255,"Space Manager: slave idle wait","Slave ID",0,00,"",0,00,"",0,00,2723168908,6,"Idle",0,0,"WAITING",348351,4651649,0,"SYS$BACKGROUND","DISABLED","FALSE","FALSE","FIRST EXEC",0,000000008A88D070,60,""
000000008ABDAD08,136,3,0,000000008A891170,0,"",0,2147483644,"","","ACTIVE","DEDICATED",0,"SYS","oracle","50719","tatuuin",0,"UNKNOWN","oracle@tatuuin (CJQ0)","BACKGROUND",00,0,"",0,,,00,0,"",0,,,,,,,"",0,"",0,"",12608,5845,1,11737,0,59,27-MAR-17,605328,"NO","NONE","NONE","NO","","DISABLED","DISABLED","DISABLED",0,"","NO HOLDER",,,"NO HOLDER",,,1447,7,"rdbms ipc message","timeout",500,00000000000001F4,"",0,00,"",0,00,2723168908,6,"Idle",0,5,"WAITING",4839425,160575,0,"SYS$BACKGROUND","DISABLED","FALSE","FALSE","FIRST EXEC",0,000000008A891170,2,""
000000008ABD7E98,137,3,0,000000008A8931F0,0,"",0,2147483644,"","","ACTIVE","DEDICATED",0,"SYS","oracle","50736","tatuuin",0,"UNKNOWN","oracle@tatuuin (Q001)","BACKGROUND",00,0,"",0,,,00,0,"",0,,,,,,,"STREAMS",1704011781,"QMON Slave",1721432626,"",3775,-1,0,0,0,59,27-MAR-17,605319,"NO","NONE","NONE","NO","","DISABLED","ENABLED","ENABLED",0,"","NO HOLDER",,,"NO HOLDER",,,66,365,"Streams AQ: waiting for time management or cleanup tasks","",0,00,"",0,00,"",0,00,2723168908,6,"Idle",0,108,"WAITING",108277795,600453722205,0,"SYS$BACKGROUND","DISABLED","FALSE","FALSE","FIRST EXEC",0,000000008A8931F0,1,""
000000008ABD5028,138,7,170070,000000008A895270,30,"DBSNMP",0,2147483644,"00000000893885F8","","ACTIVE","DEDICATED",30,"DBSNMP","oracle","26906","tatuuin",18598,"","emagent@tatuuin (TNS V1-V3)","USER",00,0,"",,,,00000000837E1218,1949913731,"3972rvxu3knn3",0,03-APR-17,16778216,,,,,"emagent_AQMetrics",1838880583,"DEQ",3831625583,"",13163,-1,0,0,0,122,27-MAR-17,1,"NO","NONE","NONE","NO","","DISABLED","ENABLED","ENABLED",0,"","UNKNOWN",,,"UNKNOWN",,,5053,364,"Streams AQ: waiting for messages in the queue","queue id",12343,0000000000003037,"process#",2324256552,000000008A895728,"wait time",5,0000000000000005,2723168908,6,"Idle",0,1,"WAITING",1128155,3871845,0,"SYS$USERS","DISABLED","FALSE","FALSE","FIRST EXEC",100,000000008A895270,3,""
000000008ABD21B8,139,101,0,000000008A8972F0,0,"",0,2147483644,"","","ACTIVE","DEDICATED",0,"SYS","oracle","59189","tatuuin",0,"UNKNOWN","oracle@tatuuin (J000)","USER",00,0,"",0,,,00,0,"",0,,,,,,,"",0,"",0,"",13142,-1,0,0,0,9,03-APR-17,14,"NO","NONE","NONE","NO","","DISABLED","ENABLED","ENABLED",0,"","NO HOLDER",,,"NO HOLDER",,,30,305,"jobq slave wait","",0,00,"",0,00,"",0,00,2723168908,6,"Idle",0,0,"WAITING",306287,193713,0,"SYS$USERS","DISABLED","FALSE","FALSE","FIRST EXEC",0,000000008A8972F0,10,""
000000008ABCF348,140,48,170087,000000008A88F0F0,30,"DBSNMP",0,2147483644,"","","INACTIVE","DEDICATED",30,"DBSNMP","oracle","26906","tatuuin",18694,"","emagent@tatuuin (TNS V1-V3)","USER",00,0,"",,,,0000000084F07238,2075519412,"cca61npxvbudn",0,03-APR-17,16777232,,,,,"emagent_SQL_oracle_database",1131189607,"DeferredTrans",3884474411,"",13163,-40016378,201,257,0,94,27-MAR-17,4,"NO","NONE","NONE","NO","","DISABLED","ENABLED","ENABLED",0,"","NO HOLDER",,,"NO HOLDER",,,6117,345,"SQL*Net message from client","driver id",1413697536,0000000054435000,"#bytes",1,0000000000000001,"",0,00,2723168908,6,"Idle",0,4,"WAITING",3894944,-1,0,"SYS$USERS","DISABLED","FALSE","FALSE","FIRST EXEC",100,000000008A88F0F0,13,""
000000008ABC9668,142,35,0,000000008A899370,0,"",0,2147483644,"","","ACTIVE","DEDICATED",0,"SYS","oracle","51159","tatuuin",0,"UNKNOWN","oracle@tatuuin (SMCO)","BACKGROUND",00,0,"",0,,,00,0,"",0,,,,,,,"KTSJ",4150380559,"KTSJ Coordinator",1420644966,"",4789,-1,0,0,0,9,27-MAR-17,604989,"NO","NONE","NONE","NO","","DISABLED","DISABLED","DISABLED",0,"","NO HOLDER",,,"NO HOLDER",,,1544,7,"rdbms ipc message","timeout",300,000000000000012C,"",0,00,"",0,00,2723168908,6,"Idle",0,0,"WAITING",320512,2679488,0,"SYS$BACKGROUND","DISABLED","FALSE","FALSE","FIRST EXEC",0,000000008A899370,1,""
000000008ABC0B18,145,2,170107,000000008A89D470,30,"DBSNMP",0,2147483644,"","","INACTIVE","DEDICATED",30,"DBSNMP","oracle","26906","tatuuin",18827,"","emagent@tatuuin (TNS V1-V3)","USER",00,0,"",,,,0000000084CC3390,4216197318,"23mc0q3xnw466",0,03-APR-17,16777216,,,,,"emagent_SQL_oracle_database",1131189607,"dbParamCollection",2769980059,"",6135,-1,0,0,0,94,03-APR-17,4447,"NO","NONE","NONE","NO","","DISABLED","ENABLED","ENABLED",0,"","NO HOLDER",,,"NO HOLDER",,,155,345,"SQL*Net message from client","driver id",1413697536,0000000054435000,"#bytes",1,0000000000000001,"",0,00,2723168908,6,"Idle",0,4447,"WAITING",4446915752,-1,0,"SYS$USERS","DISABLED","FALSE","FALSE","FIRST EXEC",100,000000008A89D470,1,""
000000008ABBDCA8,146,4,170114,000000008A8A1570,30,"DBSNMP",0,2147483644,"","","INACTIVE","DEDICATED",30,"DBSNMP","oracle","26906","tatuuin",18837,"","emagent@tatuuin (TNS V1-V3)","USER",00,0,"",,,,000000008ACBEEC0,1144362781,"3srz0up23b5sx",0,03-APR-17,16777224,,,,,"emagent_SQL_oracle_database",1131189607,"textIndexStats",3061128409,"",12436,1224,1,7561,0,94,03-APR-17,382,"NO","NONE","NONE","NO","","DISABLED","ENABLED","ENABLED",0,"","NO HOLDER",,,"NO HOLDER",,,509,345,"SQL*Net message from client","driver id",1413697536,0000000054435000,"#bytes",1,0000000000000001,"",0,00,2723168908,6,"Idle",0,383,"WAITING",382832573,-1,0,"SYS$USERS","DISABLED","FALSE","FALSE","FIRST EXEC",100,000000008A8A1570,2,""
